{
    "objects": [
        {
            "scale": [
                1.0, 
                1.0, 
                1.0
            ], 
            "name": "Cube", 
            "type": "MESH", 
            "location": [
                0.0, 
                0.0, 
                0.0
            ], 
            "rotation": [
                0.0, 
                0.0, 
                0.0
            ], 
            "data": {
                "name": "Mesh", 
                "normals": [
                    0.5773491859436035, 
                    0.5773491859436035, 
                    -0.5773491859436035, 
                    0.5773491859436035, 
                    -0.5773491859436035, 
                    -0.5773491859436035, 
                    -0.5773491859436035, 
                    -0.5773491859436035, 
                    -0.5773491859436035, 
                    -0.5773491859436035, 
                    0.5773491859436035, 
                    -0.5773491859436035, 
                    0.5773491859436035, 
                    0.5773491859436035, 
                    0.5773491859436035, 
                    0.5773491859436035, 
                    -0.5773491859436035, 
                    0.5773491859436035, 
                    -0.5773491859436035, 
                    -0.5773491859436035, 
                    0.5773491859436035, 
                    -0.5773491859436035, 
                    0.5773491859436035, 
                    0.5773491859436035
                ], 
                "vertices": [
                    1.0, 
                    0.9999999403953552, 
                    -1.0, 
                    1.0, 
                    -1.0, 
                    -1.0, 
                    -1.0000001192092896, 
                    -0.9999998211860657, 
                    -1.0, 
                    -0.9999996423721313, 
                    1.0000003576278687, 
                    -1.0, 
                    1.0000004768371582, 
                    0.999999463558197, 
                    1.0, 
                    0.9999993443489075, 
                    -1.0000005960464478, 
                    1.0, 
                    -1.0000003576278687, 
                    -0.9999996423721313, 
                    1.0, 
                    -0.9999999403953552, 
                    1.0, 
                    1.0
                ], 
                "edges": [
                    0, 
                    1, 
                    0, 
                    3, 
                    0, 
                    4, 
                    1, 
                    2, 
                    1, 
                    5, 
                    2, 
                    3, 
                    2, 
                    6, 
                    3, 
                    7, 
                    4, 
                    5, 
                    4, 
                    7, 
                    5, 
                    6, 
                    6, 
                    7
                ], 
                "materials": [
                    {
                        "specular_color": [
                            1.0, 
                            1.0, 
                            1.0
                        ], 
                        "name": "Material", 
                        "specular_alpha": 1.0, 
                        "diffuse_color": [
                            0.14854693412780762, 
                            0.25370723009109497, 
                            0.800000011920929
                        ], 
                        "ambient": 1.0, 
                        "alpha": 1.0, 
                        "type": "SURFACE"
                    }
                ], 
                "faces": [
                    [
                        0, 
                        1, 
                        2, 
                        3
                    ], 
                    [
                        4, 
                        7, 
                        6, 
                        5
                    ], 
                    [
                        0, 
                        4, 
                        5, 
                        1
                    ], 
                    [
                        1, 
                        5, 
                        6, 
                        2
                    ], 
                    [
                        2, 
                        6, 
                        7, 
                        3
                    ], 
                    [
                        4, 
                        0, 
                        3, 
                        7
                    ]
                ]
            }
        }, 
        {
            "rotation": [
                0.6503279805183411, 
                0.055217113345861435, 
                1.8663908243179321
            ], 
            "scale": [
                1.0, 
                1.0, 
                1.0
            ], 
            "type": "LAMP", 
            "name": "Lamp", 
            "location": [
                4.076245307922363, 
                1.0054539442062378, 
                5.903861999511719
            ]
        }, 
        {
            "rotation": [
                1.1093189716339111, 
                0.010816991329193115, 
                0.8149281740188599
            ], 
            "scale": [
                1.0, 
                1.0, 
                1.0
            ], 
            "type": "CAMERA", 
            "name": "Camera", 
            "location": [
                7.481131553649902, 
                -6.5076398849487305, 
                5.34366512298584
            ]
        }
    ], 
    "name": "Scene"
}