{"objects": [{"scale": [1.0, 1.0, 1.0], "name": "Cube", "type": "MESH", "location": [0.0, 0.0, 0.0], "rotation": [0.0, 0.0, 0.0], "data": {"name": "Mesh.003", "normals": [0.5773491859436035, 0.5773491859436035, -0.5773491859436035, 0.5773491859436035, -0.5773491859436035, -0.5773491859436035, -0.5773491859436035, -0.5773491859436035, -0.5773491859436035, -0.5773491859436035, 0.5773491859436035, -0.5773491859436035, 0.5773491859436035, 0.5773491859436035, 0.5773491859436035, 0.5773491859436035, -0.5773491859436035, 0.5773491859436035, -0.5773491859436035, -0.5773491859436035, 0.5773491859436035, -0.5773491859436035, 0.5773491859436035, 0.5773491859436035], "vertices": [1.0, 0.9999999403953552, -1.0, 1.0, -1.0, -1.0, -1.0000001192092896, -0.9999998211860657, -1.0, -0.9999996423721313, 1.0000003576278687, -1.0, 1.0000004768371582, 0.999999463558197, 1.0, 0.9999993443489075, -1.0000005960464478, 1.0, -1.0000003576278687, -0.9999996423721313, 1.0, -0.9999999403953552, 1.0, 1.0], "edges": [2, 1, 1, 0, 3, 0, 3, 2, 4, 5, 6, 5, 7, 6, 7, 4, 1, 5, 4, 0, 2, 6, 7, 3], "materials": [{"specular_color": [1.0, 1.0, 1.0], "name": "Material.001", "specular_alpha": 1.0, "diffuse_color": [0.7228654623031616, 0.24934788048267365, 0.800000011920929], "ambient": 1.0, "alpha": 1.0, "type": "SURFACE"}], "faces": [[0, 1, 2, 3], [4, 7, 6, 5], [0, 4, 5, 1], [1, 5, 6, 2], [2, 6, 7, 3], [4, 0, 3, 7]]}}], "name": "Scene"}